,Title,Category,Ref_Num,Maker_Artist,Materials,Measurements,Time Period,Additional Information
256,Poems 1947-1954,Books,00895,Weldon Kees,Printed paper book,Length: 26 cm,Copyright: 1954,No Image Associated with this Item
237,Yeats and Innisfree,Books,00895,Russell King Alspach,Printed paper,23 cm,Copyright: 1965,book; Kenyon College books can be identified by the following
198,"Scepticisms, Notes on Contemporary Poetry",Books,00895,Conrad Aiken,Printed paper,20.00 cm,Copyright,book; poetry; Kenyon College books can be identified by the following
218,Titles of Honor,Books,00895,John Selden,Printed paper book,Length: 28 cm.,Copyright: 1631,book; Kenyon College books can be identified by the following
100,"Gold referral record to the Assayer Mayor of Lima, year 1828",Books,01171,Unknown,Paper,,Made in 06/17/1828,
153,Capita deorvm et illvstrivm hominvm pacis belliqve artibvs clarissimorvm nec non heiroglyphica,Books,00895,Johann Martin von Ebermayer,Printed paper,39.00 cm,Copyright: 1721,book; Kenyon College books can be identified by the following
74,The Dynasts,Books, 00895, Thomas Hardy, Printed paper book,,Copyright: 1924, No Image Associated with this Item
184,More news from Virginia: a further account of Bacon's rebellion reproduced in facsimile with an introduction by Thomas Perkins Abernethy,Books,00895,,printed paper,,Copyright: 1943,book; Kenyon College books can be identified by the following
36,The Theory of the Earth,Books, 00895, Thomas Burnet, Printed paper,, Copyright 1697," book; Kenyon College books can be identified by the following: 1) A KC logo on the inside front cover, or a logo entitled Philo Mathesian Society or Nu Pi Kappa (which are literary societies connected with KC); and/or 2) A KC call number on the outside spine or penciled in on one of the first 5 pages of the book (note: Breithaupt on occasion erased the penciled-in number but an imprint may still be visible); and/or 3) KC acquisition information on one of the first 5 pages of the book."
194,Parisiani Geographiae ordine litterarum dispositum,Books,00925,Michaelis Baudrand,book,,1682,
51,Elegy on Dead Fashion,Books, 00895, Edith Sitwell, Printed paper, 25.00 cm, 1926,"book; Kenyon College books can be identified by the following: 1) A KC logo on the inside front cover, or a logo entitled Philo Mathesian Society or Nu Pi Kappa (which are literary societies connected with KC); and/or 2) A KC call number on the outside spine or penciled in on one of the first 5 pages of the book (note: Breithaupt on occasion erased the penciled-in number but an imprint may still be visible); and/or 3) KC acquisition information on one of the first 5 pages of the book"
193,"The Reading Notes Sir Zhen Wenzhong, The Xishan Master",Books,00865,China,,21.10 x 15.60 cm,Song Period,book; China; Woodblock edition of the Fuzhou Education Office
16,"A New General Atlas, Constructed From the Latest Authorities",Books, 00895, Aaron Arrowsmith, Printed paper book, Length: 30 cm, Copyright 1817, No image associated with this item.
95,Des imagistes: an anthology,Books, 00895,,Printed paper book, Height: 30 cm; Width: 45 cm, Copyright 1983, No Image Associated with this Item
115,The Good Soldier: A Tale of Passion,Books,00895,Ford Madox Ford,Printed paper book,19 cm,Copyright 1927,No Image Associated with this Item
268,New Account of Tales of the World in 8 Chapters,Books,00865,China,,20.80 x 13.80 cm,Ming Period,book; China; Color paintings on the edge; Four-color woodblock edition by Ling Yingchu
249,"Walt Whitman: a selection of the manuscripts, books and association items gathered by Charles E. Feinberg",Books,00895,Walt Whitman,Printed paper book,Length: 24 cm,Copyright: 1955,No Image Associated with this Item
129,The Thin Man,Books,01123,Dashiell Hammett,Book,,First edition published in 1934,Call no. PS3515 .A4347 T47 1934b
92,The Philobiblion; a monthly bibliographical journal,Books, 00895, Printed paper,, 22.00 cm, Copyright 1862-1863, book; Kenyon College books can be identified by the following
282,Consilia Medica,Books,00925,Bartholomaeus Montagnana,book,,1476,
104,"Folio (251) of the notarial protocol No.17, Scribe Julián Bravo (1599)",Books,01174,Scribe Julián Bravo,Paper,,1599,
238,Polyhistor,Books,00925,Solinus,Book,,1538,
275,The Children's Bouquet of Verse and Hymn,Books,00895,Aunt Sarah,Printed paper book,Length: 9 cm,Copyright: 1882,No Image Associated with this Item
272,Tabulae Rudolphinae,Books,00925,Johannes Kepler,book,,1627,
170,"Epistolae hactenus in-editae, de locis S. Scripturae, moribusque formandis",Books,00895,Saint Isidorus,Printed paper,18.00 cm,Copyright:1623,book; Kenyon College books can be identified by the following
118,Guangyun Rhyme Dictionary in 5 Chapters,Books,00865,Unknown (Chinese origin),,Height: 16.80 cm; Width: 11.20 cm,Yuan Period,No Image Associated with this Item; Yuan period woodblock with Ming period repairs; Library call # T5125/794D Yuan Period
168,Recueil de Divers Oiseaux Colories,Books,00925,Jean Michel Seligmann,book,,1768,
64,Illustrations and Lists of All Antiquities Known During the Xuanhe Reign Period,Books, 00865, China,, 20.50 x 13.10 cm, 1599-1636, book; China; Original woodblock edition by Yu Chengzu with repairs by Yu Daonan
162,"Imagines deorum, qui ab antiques colebantur: in quibus simulacra ritus, coerimonioe, magnaq[ue] ex parte veterum religio explicatur",Books,00895,Vincenzo Cartari,Printed paper,23.00 cm,Copyright: 1581,book; Kenyon College books can be identified by the following
243,Schwabenspiegel (Landrechtbuch),Books,00925,Schwabenspiegel,Book,,1475-1476,
4522,Fei T'sui Green Jade Saucer,Bowls, 00405, Chinese, Jade; wood,Diameter: 3 3/8 in., 1736-1795, bowl; stand
4531,"Native American Bowl, Gila Polychrome, No Life Line",Bowls,00205,Native American,Ceramic,,13th Century,bowl; geometric; Southwest; black; white; polychrome; Number 72.1.91/644
4545,"Native American Bowl, Southwest Red",Bowls,00205,Native American,Ceramic,Height,13th Century,bowl; geometric; polychrome; Southwest; red; Number 72.1.12/24 written in black ink on the bottom side of the bowl; Bowl has been restored near rim in several places.
4556,"Native American Bowl, Little Colorado Polychrome",Bowls,00205,Native American,Ceramic,Diameter: 7.25 in,13th Century,bowl; Southwest; geometric; black; red; polychrome; Number 72.1.113/SB295
4527,"Native American Bowl, Black Fire-cloud",Bowls,00205,Native American,Ceramic,"H: 3.20 cm, Dia: 10.00 cm",13th Century,bowl; geometric; Southwest; red; Number 77.1.8/BG406
372,Chinese Jade Cup,Ceramic Tea and Coffee Wares,00217,China,Carving jade,,18th Century,Cup; dragon
371,Ceramic pot by Eunice Navaise (Fawn),Ceramic Tea and Coffee Wares,01139,Eunice Navaise (Fawn),,Height: 12 in. Width: 11in.,,
377,French Mantel Clock,"Clock, Timepiece", 00240,, Gold plated bronze, 24.5 x 20.25 x 8 in, circa 1870, clock; horse; running; man; reclining; riding; Signed Muenier H DuRoi
393,Bielauscheck Mantle Clock,"Clock, Timepiece",00694,Franz Bielauscheck,Wood; metal; ebony; wood; gilding; glass; steel,9.25 x 6.5 x 13.625 in,,clock; signed Franz Bielauscheck in Partubitz on center of clock face; white sticky label with inventory number 121.2008.254
376,Cheese Clock with Mice,"Clock, Timepiece", 00361, Andreas von Zadora Gerlof," Rock crystal, gold, diamonds"," 4"" x 5""",,
384,"Red Tortoise Shell Clock, Francis Perigal","Clock, Timepiece", 00052, Francis Perigal, Tortoise shell; gold, 14 in, Circa 1760," clock; Maker ""Francis Perigal"" on clock"
403,Sioux Roach Headdress,Clothing and Costumes,00864,Sioux,"horsehair, hawk feathers",,1900s,headdress; mint condition
400,Umbrella/Parasol Handle,Clothing and Costumes,00956,Michael Evlampievich Perchin,Glass; gold; enamel,,,Umbrella handle
454,Coin Depicting Jesus Christ,Coins and Paper Money,01057,,coin; Jesus Christ; figures,,,
411,Coin With Writing on Both Sides,Coins and Paper Money, 01049,, coin; writing,,,
439,Coin Depicting Jesus Christ,Coins and Paper Money,01057,,coin; Jesus Christ; figures,Diameter: 2.30 cm,,
429,Coin Depicting Jesus Christ,Coins and Paper Money,01057,,coin; Jesus Christ,Diameter: 2.30 cm,,
426,Gold Coin Depicting Portrait of an Emperor Facing the Right Wearing a Crown with Pearls. (facial features not visible),Coins and Paper Money,01057,,Gold, Diameter: 1.20 cm,,coin; portrait; man; royalty; emperor; crown; cross
438,Coin Depicting Bearded Emperor,Coins and Paper Money,01049,,coin; man; beard; royalty; emperor; cross,,,
444,1889 New Orleans mint Morgan dollar coin 2,Coins and Paper Money,01205,,,Diameter: 38.1 mm,1889,coin; dollar; mint; New Orleans; 1889
1233,1864 John C. Fremont Medal,Collectibles,01194,,Silver,40 mm,1864,MS-66 (NGC)
1318,"Grand National Steeplechase Trophy, 1923, Aintree",Collectibles,00638,English,Silver,,1923,"1994.12.21; engraved ""Stephen Sanford's Sergeant Murphy, 1923, Aintree"""
1234,1844 James K. Polk Medal,Collectibles,01194,,White metal,35 mm,1844,Unc details; improperly cleaned
1214,Citigo Style Shell Gorget,Collectibles,00221,"Native American artifact, Mississippian culture",,Approximately 7 inches in diameter,Circa A.D. 1400-1600,"A large engraved disk cut from a marine shell depicting a stylized rattlesnake. Excavated in 1928 from Little Egypt, Murray County, Georgia, USARSOM Catalog number"
3084,20 Dibujos #1,Collectibles, 00861, Jose Clemente Orozco, Lithograph, 21.75 x 15.5 in, 1945," poster; woman; 20 Dibujos de Jose Clemente Orozco de la Exposicion de Agosto de 1945 en El Colegio Nacional, Mexico 1945"
1219,Ceramic pot by Santana & Adam,Collectibles,01139,Santana & Adam,Ceramic pot,Height: 4 in; Width: 3.75 in,,"Signed ""Santana--Adam"""
497,Peddlar Lady (doll),Dolls and Figurines,00787,Dorothy Heizer,,11 in,1952,doll; woman; gown; apron; basket; bonnet
495,Classic Doll in Blue Bonnet,Dolls and Figurines,00909,,Porcelain; doll; baby; brunette,,,
490,Clarissa Daughter of King of Gascony (doll),Dolls and Figurines,00787,Dorothy Heizer,,9 in,1952,doll; woman; gown; royalty; hat; veil
498,Boy Doll with Porcelain Face,Dolls and Figurines,00909,,Porcelain hair,,Circa 1910,doll; boy; brunette
478,Louisette,Dolls and Figurines, 00909, France; Limoges, Porcelain composition; hair,, Prior to 1914," doll; girl; brunette; Signed by the maker, LIMOGES"
604,Wilfredo Lam Double-headed Quadraped,"Drawings, Watercolors",00861,Wilfredo Lam,Ink on paper,18.25 x 13.5 in,,drawing; animal
638,Henry Fonda | Ludwig Beethoven | Claude Monet | Golda Meier | Myrna Loy | Ytsak Perlman | Arturo Tuscanini | Herman Wouk | Vladimir Hurwitz | Moses,"Drawings, Watercolors",00728,Phillip Ratner,Pencil on paper,20 x 11 in,1970-1980,drawing; portrait; man; woman; Henry Fonda; Ludwig Beethoven; Claude Monet; Golda Meier; Myrna Loy; Ytsak Perlman; Arturo Tuscanini; Herman Wouk; Vladimir Hurwitz; Moses; Signed
540,Cheyenne,"Drawings, Watercolors", 00200, Gregory Perillo, Pen and ink on paper, 20 x 16 in, 20th Century," drawing; portrait; profile; man; Native American; feathers; signed ""Perillo"" bottom center"
529,Country Scene by C. Scholkem,"Drawings, Watercolors", 00141, C. Scholkem, Chalk on paper, 6 9/16 x 11 5/8 in,, drawing; exterior; buildings; trees; fence
4475,Lieutenant General Barton K. Yount,"Drawings, Watercolors",00727,Norman Rockwell,Pencil on paper,24 x 18 in,,"drawing; portrait; man; military; uniform; hat; ""Norman Rockwell"" in block lettering lower right"
520,Moonstone,"Drawings, Watercolors", 00964, Judith M. Craig, Pencil on paper, 11 x 13 in, 1972," drawing; signed lower right ""Moonstone, April 1972"""
639,Study of Hands 2,"Drawings, Watercolors",00361,Jose Clemente Orozco,Ink on paper,"22.5"" x 15.25""",,
612,Apache,"Drawings, Watercolors",00200,Gregory Perillo,Pen and ink on paper,20 x 16 in,20th Century,"drawing; portrait; profile; man; Native American; Signed ""Perillo"" lower right"
584,Flowers in a Vase (Lilacs),"Drawings, Watercolors",00819,Emilio Sanchez,Crayon on paper,13.5 x 10.25 in,20th Century,"Drawing; Flowers; Signed lower left ""ES""; The work is an excellent condition. The frame was in very good condition (thick, solid, heavy wood frame with glass)"
581,Galiano Island,"Drawings, Watercolors", 00194, Tori Onley, Watercolor on paper, 10.5 x 14.5 in,, watercolor; landscape
626,Drawing Quadruped,"Drawings, Watercolors",00861,Wilfredo Lam,Ink on paper,18 x 14 1/8 in,,drawing; quadruped
614,At the Market,"Drawings, Watercolors",00761,Jacques Onfroy de Breville,Ink paper,4 x 7.5 in,Birth/Death Dates,"drawing; table; market; signed with a stamp ""JOB"" within a circle"
656,Black and Snow Ikebana Drawing,"Drawings, Watercolors",00872,Dale Chihuly,,30 x 22 in,,Drawing
583,Femme au Collier,"Drawings, Watercolors",00348,Henri Matisse,Pen and ink on paper,12.5 x 9.5 in,1943,"drawing; portrait; woman; earrings; necklace; Signed ""HM"" lower right corner"
4493,A Sacrifice to Diana,"Drawings, Watercolors",00954,Luigi Ademoldo,Pen and ink on paper drawing,,,No Image Associated with this Item
4460,"Album of Plants, Animals and Birds: Crab","Drawings, Watercolors",00356,Chen Chia-yen; China,Ink on paper,28.00 x 24.00 cm,1368-1643,drawing; Asian; crab; plants; Seals of artist lower left and lower right
542,Abduction of Persephone,"Drawings, Watercolors", 01032, Luca Cambiaso, Pen and ink, 11 1/4 x 6 3/8 in, 1527-1585, drawing; nude man; nude woman; dog; chariot
617,Sheet of Studies of Putti and heads (recto); Nude Male (verso),"Drawings, Watercolors",00954,Pietro Testa,Ink; chalk; paper,47.50 x 25.70 cm,1611-1650,drawing; nude man; men
4458,Study for Boy Leading a Horse,"Drawings, Watercolors",00348,Pablo Picasso,Charcoal on paper,9.5 x 6.25 in,1905,"drawing; nude man; bald; walking; Signed ""Picasso"" upper left corner"
564,Threepenny Opera | On the Street,"Drawings, Watercolors", 00876, Arbit Blatas, Pen and gouache on paper, 67.00 x 58.00 cm, 20th Century, drawing; impressionism; street; street light; crowd; signed
4483,Black Float Drawing,"Drawings, Watercolors",00872,Dale Chihuly,Drawing; Abstract,30 x 22 in,,
657,Threepenny Opera | The Quarrel,"Drawings, Watercolors",00876,Arbit Blatas,Pen and gouache on paper,67 x 58 cm,20th Century,drawing; impressionism; figures; men; standing; women; group; Signed
670,Native American Pipe Bag,Ethnographic Works of Art,01061,Native American,Leather beads,,1885,pipe bag; Native American
776,"Native American, Chief's Headdress with Sun Rays",Ethnographic Works of Art, 00248, Pacific Northwest; Tsimshian, Wood,,, mask; Pacific Northwest; sun; face
669,Beaded Kiowa Cradleboard,Ethnographic Works of Art, 00178, Kiowa,, 43 x 13 3/8 in, 1890-1910, cradleboard; Native American
696,Colt 1860 Model Army Revolver,Firearms and Blades,01198,Colt,Wood and metal,8 in barrel,1860,Serial number 23796; 4 screw frame; .44 caliber revolver
694,Colt First Model Martial Dragoon,Firearms and Blades,00650,Colt,Wood and metal,7.5 in barrel,,No image included for this item; Serial
793,MARR Silver Tea Service,Flatware,00623,,Silver,,1840s,silver; initials MARR etched on bottom of pieces
4515,Chalice,Holloware, 00475, Spanish Colonial, Hammered silver and gold, Height, 19th Century,
705,Feast Day,"Icons, Triptychs, Diptychs", 00285, Russia, Wood tempera,, 19th Century, icon; Life of Christ
4401,The Life of St. Nicholas,"Icons, Triptychs, Diptychs",01067,Russian,Tempera on wood,130 x 90 cm,15th Century,"icon, religious, St. Nicholas"
716,Duetto II,Instruments,00923,Mikio Watanabe,Mezzotint print,,20th Century,Signed lower left; #10/30
723,Lamoureux/ Ex-Zimbalist Stradivarius Violin,Instruments,01188,Antonio Stradivari,Wood,,1735,
715,1962 Gretsch White Penguin,Instruments,00087,Gretsch,"Wood body & neck, metal strings",,1962,"guitar; serial number 42012, has original tags"
742,1953 Yankees World Series Ring,Jewelry,00429,,Gold,,1953,
1269,"Bull Cuff Links, Citrine and Diamond",Jewelry,00911,Zadora Limited,Citrine; gold; diamond,,20th Century,"cuff links; bull; ""Zadora"" signature and possible engraved goldsmith initials"
1287,Pendant,Jewelry,00461,Akan,Gold,,1600-1800 A.D.,jewelry; human face
323,"Small Bee Brooch, Ruby and Diamond",Jewelry,00911,Zadora Limited,Ruby; Diamond; Gold,,20th Century,"brooch; bee; ""Zadora"" signature and possible engraved goldsmith initials"
745,1958 Yankees World Series Ring,Jewelry,00429,,Gold,,1958,
1242,Imperial Crown of San Jose,Jewelry, 00475, Spanish Colonial, Silver, Height: 34 cm, 19th Century, 08-03-01-v2.4-B006-8
749,Baltimore Orioles World Series Ring,Jewelry,00158,,"ring; baseball; ""B. Robinson"" engraved on side of ring. ""R.S. Gill"" engraved on the inside band",,1966,
1343,Ovoid Pendant,Jewelry,00461,Akan,Gold,10.50 x 6.50 cm,1600-1800,jewelry
1334,Beaded Civil War Era Brooch,Jewelry,00089,Anonymous,"Human hair, beads/stones",4.2 x 3.5 in,1840-1870,jewelry
1256,Pendant,Jewelry, 00461, Akan, Gold, 12.70 x 5.50 cm, 1600-1800 A.D., jewelry; crescent; human face
1351,Jade Alligator,Jewelry,00911,Zadora Limited,Jade; gold; diamond,,20th Century,"sculpture; alligator; ""Zadora"" signature and possible engraved goldsmith initials"
1326,"Griffin Cuff Links, Citrine",Jewelry,00911,Zadora Limited,Citrine; gold; diamond,,20th Century,"cuff links; griffin; ""Zadora"" signature and possible engraved goldsmith initials"
1349,Scroll Pendant,Jewelry,00461,Akan,Gold,6.50 x 6.00 cm,1600-1800,
328,"Frog Stickpen, Green Tourmaline, Ruby and Diamond",Jewelry,00911,Zadora Limited,Gold; Ruby; Diamond; Tourmaline,,20th Century,"""Zadora"" signature and possible engraved goldsmith initials"
1328,Lizard Pendant,Jewelry,00461,Akan,Gold,9.30 x 6.50 cm,1600-1800 A.D.,jewelry; lizard
1284,"Rhinoceros Cuff Links, Ruby, Citrine and Diamond",Jewelry,00911,Zadora Limited,Gold; Diamond; citrine; ruby,,20th Century,"No Image Associated with this Item; ""Zadora"" signature and possible engraved goldsmith initials"
304,"Flying Bat Pin, Enamel and Ruby",Jewelry, 00911, Zadora Limited, 18kt gold; Ruby; Diamond,,20th Century," ""Zadora"" signature and possible engraved goldsmith initials"
1253,Bead Necklace,Jewelry, 00461, Baole, Gold, 36.00 x 25.00 cm, 1600-1800, jewelry
756,Tiffany Lamp with Leaded Ivory Shape,"Lamps, Lighting", 00011, Tiffany; Frank Lloyd Wright, Stained glass," 4' 5""",, lamp
760,Daffodil,"Lamps, Lighting",00583,Tiffany,Stained glass bronze,Dia,,lamp; flowers; daffodil; leaves; Stamped Tiffany Studios
834,Hopi Vessel,Ornamental Ceramic Wares, 00145, Anonymous, Ceramic,, 1920s," pottery; painted with black geometric bird design, with small amount of red in wings of each bird; two chips, including large chip out of rim, surface worn, two cracks downward from rim"
866,Avery Engraved Bowl,Ornamental Ceramic Wares,00389,Caddo Nation,Ceramic,9.70 cm,600 AD,"pottery; concentric circle design with crosshatched background on rim and body, repeated four times; no signs of use or wear"
838,Foster Trailed Incised Vessel,Ornamental Ceramic Wares, 00389, Caddo Nation, Ceramic, 14.40 cm, 600 AD, pottery; incised volute design with single flattened center nodes; no signs of use or wear
841,Hodges Engraved Bowl,Ornamental Ceramic Wares, 00389, Caddo Nation, Ceramic, 5.40 cm, 600 AD," pottery; engraved or incised linear design in red pigment; no signs of wear, missing rim pieces"
833,Foster Trailed-incised Vessel,Ornamental Ceramic Wares, 00389, Caddo Nation, Ceramic, 19.40 cm, 600 AD," pottery; trailed volute design, repeats 3 times, no center nodes; portions of interior and exterior lightly coated with soot"
861,Pre-Columbian Ceremonial Vessel,Ornamental Ceramic Wares,00689,Pre-Columbian,vessel; Pre-Columbian; nude man,,,
832,George IV Tea Service,Ornamental Ceramic Wares, 00091, England, Silver; ivory,, 19th Century, tea service; lion; dog; See description
887,Hodges Engraved Bowl,Ornamental Ceramic Wares,00389,Caddo Nation,Ceramic,6 cm,600 AD,"pottery; El Camino 1 design with traces of red pigment in lines; vessel is warped with large crack in one side, interior and exterior surfaces eroded"
4558,Cruchon Hibou (Owl Jug),Ornamental Ceramic Wares,00795,Pablo Picasso,Ceramic,10.4 in.,,Stamped Edition Picasso/Madoura Plein Feu
910,Imperial Crown,Other - Altar,00475,Spanish Colonial,Silver,Height: 22 cm.,19th Century,08-03-01-v-2.4-B006-10
951,Victorian Geisha,Other - Arts and Antiques, 00538, John Patrick Kelly, Bronze, 15 in,, hand mirror; woman; Signed; Edition Number 1/22
797,Monstrance,Other - Arts and Antiques,00475,,Silver; gold,115 cm x 48 cm x 38 cm,17th Century,CZ.C2/v/2.4/B.006/006
1044,1955 Most Valuable Player Award,Other - Arts and Antiques,00429,,Silver; wood,,1955,Inscription
801,Madonna del Murillo,Other - Arts and Antiques,00810,Bartolome Esteban Murillo; Italy,Mosaic,48 x 36 in,Circa 1600,mosaic; religious; Madonna; Signed
968,Heart and Seven Swords,Other - Arts and Antiques, 00475,, Silver, 11.5 x 19.2 cm, 20th Century, Spanish Colonial
342,Eighteenth Century English Black Lacquer Cabinet,Other - Arts and Antiques,00349,England,Wood lacquer,,Circa 1750,cabinet; buildings; trees
1036,"Ellis Island National Monument, Main building, New York/New Jersey",Other - Arts and Antiques,00895,,Printed paper,30.00 x 45.00 cm,Copyright: 1983,portfolio; Kenyon College books can be identified by the following
932,Fossil Horse,Other - Arts and Antiques, 00847, Partially mineralized bone,, 7.5 x 3.75 in,, fossil; catalogue number 352701; 4 of the tooth sockets for the incisors have their exterior walls broken off
1039,"Christy Mathewson, 1902 Baseball Contract",Other - Arts and Antiques,00616,New York Giants,Ink on paper,14 x 11 in,1902,document; contract; baseball; Christopher Mathewson; New York Giants; signed by Christopher Mathewson
1008,Ottoman Funerary Stele,Other - Arts and Antiques,01089,Ottoman,Marble,Height: 40.00 cm; Diameter: 30.00 cm,1316,"funerary stele, funeral"
350,Jade Candelabra Set,Other - Arts and Antiques,00911,Zadora Limited,Jade; Silver; Enamel,,20th Century,"candelabra; ""Zadora"" signature and possible engraved goldsmith initials"
1104,"Christy Mathewson, 1916 Baseball Contract",Other - Arts and Antiques,00616,Cincinnati Reds,Ink on paper,,1916,document; contract; baseball; Christopher Mathewson; Cincinnati Reds
1020,Pair of Gilt and Crystal Sconces,Other - Arts and Antiques,00183,,Gilt bronze,,1910,Sconce
981,Halo,Other - Arts and Antiques,00476,,Silver,,20th Century,"Spanish Colonial, metalwork; halo"
293,Tortoise Shell Box,Other - Arts and Antiques,00729,Dutch or Flemish,Wood; Shell; Silver,5 x 8.75 x 7 in,17th Century,Veneered barrel vault casket. Vertical cracks in tortoise on domed top; water damage spot on top; upper right above top lock repaired; one leg has 2-3 nails to keep it in place on the bottom side; vertical cracks around lower body. Original key in lock.
1015,Fossil Rodent in Matrix,Other - Arts and Antiques,00847,,Partially mineralized bone,3.25 x 2.5 in,,"fossil; catalogue number 336369; fractures, patterns, and lay of bones in matrix are unique"
960,Untitled Chinese Calligraphy Scroll,Other - Arts and Antiques, 00697, Hua Li; China, Paper, 50 x 34 in, 1987, scroll; calligraphy
990,Abstract Composition,Other - Arts and Antiques,00285,Yuri Annenkov,Collage,66.00 x 59.00 cm,,collage; abstract; signed lower right
4351,Los Reyes Magos (Three Magi),Other - Arts and Antiques,00687,Arnaldo Maas,Etching over opaline glass,16 x 20 in,20th Century,Signed in lower right corner
1027,Turning the Plow,Other - Arts and Antiques,00778,Clare Leighton,,3.5 x 5.25 in,1935,wood engraving; plow; Inscribed
1068,Triton,Other - Arts and Antiques,00663,Leone Leoni; Italy,Bronze,7.5 in,inkwell; man; turtle; Serial #BC1545,
963,Junyao Pot,Other - Arts and Antiques, 01204, Chinese," Fine clay, purple glaze (turned purple from turquoise after firing)", Height: 3.5 in; Diameter: 6 in, 13th Century, pottery; chinese; pot; bowl; glaze
971,Tiffany World Record Trophy,Other - Arts and Antiques, 00631, Tiffany, Silver,,, Inscribed
966,Ladyship Stakes Platter,Other - Arts and Antiques, Silver,,, 14 in,, Inscription
946,Untitled Chinese Buddhist Scroll,Other - Arts and Antiques, 00697, Hua Li; China, Paper, 102 x 34 in, 1989, scroll; Asian; Buddhism; figure; standing; robe; hat; Chinese characters
1153,Yokut Bottleneck,Other - Assorted,00203,Yokut - Lasyeth of the Bancalache Tribe (CA),,,Circa 1905,No Image Associated with this Item
1204,3 Mermaid Table Lamp,Other - Assorted,00674,,,25 in,,
1167,Untitled White Bowl with an HUA Phoenix Design,Other - Assorted,01140,Unknown (Chinese),Porcelain bowl,Height: 8.6 cm; Diameter: 18.9 cm,Second half of 15th Century,
1202,Monolithic Stone Axe,Other - Assorted,00221,,Stone,Approximately 7.5 inches maximum width along blade; approximately 14 inches overall length,Circa A.D. 1250-1375,Highly polished bluish-gray limestone monolithic axe; some repaired damage to bit and handle; Native American Mississippian culture
1148,Candlestick Tiffany Lamp,Other - Assorted,00956,Tiffany,Glass,12 in,,lamp; tulip
1147,Desk Clock,Other - Assorted,00240,Swiss,Green marble like material,7 in x 8 in,,No Image Associated with this Item; Serial #569583
1168,Cartier boat-shaped silver box set (cigarette box),Other - Assorted,01065,Cartier,Silver,Height: 6 cm; Length: 20 cm; Width: 8.5 cm,1925,No Image Associated with this Item
1187,Hopi Style # 14; Pamela Lunge,Other - Assorted,01139,Lucy Lewis,Ceramic pot,Height: 4.5 in.; Width: 5.75 in.,,
1115,Presidential Signatures,Other - Assorted, 00892,, Paper/manuscript,,,
1154,Faberge Ladle,Other - Assorted,00631,Faberge,Sterling Silver,,1900,No Image Associated with this Item; Russian inscriptions
1124,Isaac Newton Notes,Other - Assorted, 00366, Sir Isaac Newton, Ink on paper, 30 x 8 in, 1642-1727, manuscript; religious; Jesus Christ; Sir Isaac Newton
685,Decorative Andirons,Other - Assorted,00240,,Gold plated,18 x 14 x 5 in,,andiron; child
1731,Mythology I,Paintings, 00884, Adolfo, Acrylic on canvas, 47.25 x 37.5 in, 1994, painting; abstract art; blue; yellow; black; white; Signed lower right
2812,A Peaceful Parade,Paintings,00732,"Robert Stark, Jr.",Oil on canvas,24 x 54 in,2005,"painting; marine; signed lower right, R. Stark"
1541,Virgin of Saint Rose of Lima,Paintings, 00397, Mexico, Oil on canvas, 100.00 x 180.00 cm, 17th Century," painting; saint; baby; ""rosa cordis mei tv mihisponsa esto""; canvas cut from the frame"
2841,Elaine au Repos,Paintings,01016,Jacques Faure de Thierrens,Oil on panel,21.25 x 26 in,,painting; woman; sleeping; white shirt; blue skirt; signed
2753,The Paradise,Paintings,00819,Jan van Kessel the Elder,Oil on panel,21 x 28.5 in,17th Century,Painting; Religious; The work is in good condition. Some slight cracking of the paint (it's very uniform throughout the entire painting). There is dirt on the surface of the canvas. The frame is in very good condition. Wood frame (no glass covering)
1745,Chinese Lady,Paintings, 00926, Chinese, Watercolor needlepoint silk, 8 x 6 in, 19th Century, painting; Asian; woman; standing
2668,Portrait of John Steven McGroarty,Paintings,00964,Seymour Stephen Thomas,Oil on canvas,24 x 18 in,1934,"painting; portrait; right facing; man; tie; ""John McGroarty Aug. 8, 1934"" lower right; signed lower right"
1457,Tinkerbell,Paintings, 01004, Rebecca Midwood, Acrylic on wood painting, Height: 24 in x Width: 48 in, Period: 1999, No Image Associated with this Item; signed and dated on verso
2871,"Ocean Liners, 2 of 9",Paintings,00722,Laurence Dunn,painting,,,; 2 of 9; published by Hugh Evelyn
2493,Marine,Paintings,00958,Petrus Jan Schotel,Oil on canvas,43.50 x 58.50 cm,1808-1865,painting; sailing ships; ocean; signed on the small boat in the lower right
2573,Still Life of Roses in a Basket on a Table,Paintings,00079,Johan Laurents Jensen,Oil on canvas,15.5 x 18 in,1829,painting; still life; flowers; basket; table
1621,Scarecrow,Paintings, 00830, Donald Nield, Oil on canvas," 52"" x 60""", 1974,
1721,Arizona Trails,Paintings, 00362, Olaf Wieghorst, Oil on board, 16 x 20 in, 1981, painting; horse; man; riding; Native American; mountains; Arizona; signed
1473,Shah Abbas Playing Polo,Paintings, 00926," Behzad, Iran",, 10 x 12 in, 19th Century, painting; Persian; man; horse; riding; polo
2067,Elizabeth the First,Paintings,01046,Max Moran,Oil on canvas,26 x 34 in,1977-1978,
1738,California Springtime,Paintings, 00953, John Bond Francisco, Oil on canvas," 22 x 28 in, frame", 1863-1931, painting; landscape; canyon; signed lower left
2077,English Country Scene | English Countryside,Paintings,00690,George Shalders,Oil on canvas,3 x 4 in,1865,painting; realism; landscape; mountains; animals; water; signed
1603,Peonies and Lace,Paintings, 00908, Adolf Sehring, Oil on canvas, 24 x 20 in, 1997," painting; realism; still life; vase; flowers; lace; Signed in lower right corner ""A. Sehring"""
2919,Mid Autumn Night,Paintings,00406,Jiang Tie-Feng; China,Mixed media rice paper,20 x 20 in,1985,painting; Asian; modern art; woman; birds; flying; signed in Chinese
2104,Cafe Scene,Paintings,00008,Jules Pascin,Pencil watercolor,8 x 10.25 in,,painting; cafe; men; women; tables
2036,The Adoration of the Magi | L'adoration des Mages,Paintings,00466,,Oil on marble gilt wood,47.50 x 49.30 cm,17th Century,"painting, religious, Jesus Christ, Virgin Mary, Joseph, Magi"
2905,Man of La Mancha (Roundup Cover Art),Paintings,00080,Raul Rossell,Watercolor on paper,,,"painting,man; woman; knight; windmill; signed lower center"
2152,Adoration of the Three Wise Men,Paintings,00099,Jacob Bazzano,Oil on canvas,40 x 50 in,16th Century,Painting; adoration of Jesus
2742,Icons,Paintings,00875,Bonnie Maygarden,Acrylic on canvas,"8 x 12 in, individually",2016,
2614,Elephant Series,Paintings,00071,Christian Claerebout,Oil on paper,40 x 40 in,2002,painting; elephant; Signed upper right
1502,Balancing Triangles,Paintings, 00819, Alexander Calder, Gouache on paper, 27 x 40 in, 1963," Painting; Abstract; Signed and dated lower right ""Calder 63""; The gouache and paper appear to be in good condition. A little bit of yellowing along the top of the paper. Frame is wood with gold paint on the from edges. There is not a matte around the paper. Glass covering. Frame appears to be somewhat structurally unsound. The frame is coming apart at the top and bottom right corners."
2775,Aspens,Paintings,01213,Victor Higgins,Oil on canvas,Height: 12 in; Width: 14 in,c. 1932,landscape; trees; mountains; paintings
2240,Birches,Paintings,00569,Neil Welliver,Oil on canvas,12 x 12 in,20th Century,"painting; trees; snow; winter; signed ""Welliver"" lower right"
2028,Galatea,Paintings,00008,Raoul Dufy,Gouache,22 x 30.25 in,,painting; modern art; nude women; horses; signed
2265,Elegant Figures on a Terrace,Paintings,00954,Esias van de Velde,,Diameter: 6 in,,painting; figures
2229,Regina Resnik as Klytemnestra in Dressing Room,Paintings,00876,Arbit Blatas,Oil on carton,47 x 62.5 in,20th Century,"painting; impressionism; woman; sitting; mirror; gown; signed lower right ""Blatas"""
2514,Olivia Birthday Portrait with Watering Can,Paintings,01046,Max Moran,Oil on canvas,14 x 20 inches,,
2069,Celestial Dolphin,Paintings,00270,Apollo,Acrylic on canvas,24 x 48 in,,painting; dolphin; coral reef; framed in black lacquer
2000,The Entombment,Paintings,00374,Thomas de Keiser,Oil on panel,30 x 22 in,17th Century,painting; religious; Jesus Christ; death; people
2345,Jews at Cemetary in Marrakech,Paintings,00876,Arbit Blatas,Oil on canvas,24 x 48 in,20th Century,painting; impressionism; figures; six; sitting; unsigned
2490,Shock & Scan 6,Paintings,00076,Don Giffin,Acrylic plexiglas,36 x 32 in,2002,painting; abstract; red; white; yellow; purple; none
1879,Cowboy,Paintings,00747,Nicole Charbonnet,Mixed media on canvas,48 x 60 in,,
2678,British Harbor Scene II,Paintings,00926,T. H. Victor,Watercolor on paper,18 x 24 in,19th Century,painting; exterior; harbor; water; boats; Signed
1509,Desnudo en Circulos,Paintings, 00687, Martinez Roig, Oil on canvas over cardboard," 20"" x 18""", 20th Century," Signed ""Martinez Roig"" on lower right corner."
1503,Maryland Waterscape with Moored Sailboat,Paintings, 00722, Anonymous, painting; signed lower right corner,,,
2056,Beach Scene with People in Petticoats,Paintings,00722,Anonymous,painting,,,
2424,Christmas Night,Paintings,00600,Sydney Laurence,Oil on canvas,14 x 10 in,,painting; cabin; snow; night; signed
1959,Vineyard Haven Harbor #2,Paintings,01046,Max Moran,Oil on canvas,32 x 40 in,1986-1988,
2917,Tide on the Morning Bar,Paintings,00600,Sydney Laurence,Oil on canvas,10 x 12 in,,painting; ocean; water; waves; mountain
2740,Turkey,Paintings,00859,Whiting Tennis,Oil on canvas,30 x 24 in,2010,
1876,Alaskan Autumn,Paintings,00600,Sydney Laurence,Oil on canvas,16 x 20 in,,painting; cabin; trees; autumn; Signed
2445,Mr. and Mrs. Kelekian at the Table,Paintings,00876,Arbit Blatas,Oil on canvas,,20th Century,"painting; impressionism; man; woman; sitting; eating; table; flowers; Signed lower right ""A. Blatas"""
2317,A Farmer and Six Geese,Paintings,00488,Pieter Brueghel the Younger,,Diameter: 17 cm,1564-1638,painting; man; staff; geese; cottage; signed bottom center
1478,Laguna Landscape,Paintings, 00330, Marco Sassone, Oil on canvas, 15 x 17 in, 1975, painting; house; porch; balcony; trees; Signed lower left
2940,The Happy Orange Ginnt,Paintings,01031,James Rizzi,Oil on canvas acrylic,50 3/8 x 36 3/8 in,1972,"painting; modern art; portrait; full face; man; bird; ""Rizzi"" lower left"
1632,Peacocks in an Indian Garden,Paintings, 00626, Douglas Arthur Teed, Oil on canvas, 13 x 17 in, 1922, painting; exterior; garden; peacock; signed
2794,The Bottomless Pit,Paintings,00626,Harry Roseland,Oil on board,9 x 11.25 in,1947,painting; interior; room; African American; woman; child; rocking chair; table; signed
1566,Women Bathing,Paintings, 00995, Hrachya Hagopian, Oil on canvas," 24"" x 30""",, Contemporary
1863,Deux Fleurs et Element Mecanique,Paintings,01035,Fernand Leger,Oil on canvas,18 x 13 in,1954,"painting; abstract art; modern art; flowers; Signed lower right ""Leger 54""; title written on the reverse of the canvas"
1933,Banquette con Orquesta,Paintings,00401,,,,,painting; exterior; tree; building; music; orchestra
2297,Figurative Painting of Sara L.,Paintings,01046,Max Moran,Oil on panel,10 x 17 in,1992,
2912,Les Trois Barques d'Ajaccio | Fishermen with Three Boats,Paintings,00690,Jose Fabri-Canti,Oil on canvas,22 x 28 in,20th Century,painting; impressionism; boats; three; figures; standing; sitting; water; Signed
2359,Souls in Purgatory,Paintings,00392,,Oil on canvas,160.00 x 106.00 cm,18th Century,painting; Virgin Mary; Cedula # 003617-4; Wooden frame. Lower part of frame is scraped and broken.
2043,Shah Abras with Falcon,Paintings,00926,Master Mohammad Hassan Afshar,Skin,14 x 10 in,19th Century,painting; Persian; man; falcon; signed
2524,Young Bohemian,Paintings,00423,Albert Handell,Oil on canvas,30 x 20 in,,painting; portrait; right facing; man; beard
1508,Faces in the Hood Series,Paintings, 00873, Tyree Guyton, Metal; paint; automobile hood, 60 x 60 in, 1990s, painting; face; modern art; Small ID number on back
2190,Moulin de la Galette,Paintings,00026,Elisee Maclet,Oil on canvas,21 x 24 in,20th Century,painting; French; street; buildings; trees; people; walking; windmill; signed
2556,Rue a Macon,Paintings,00804,Camille Pissarro,Watercolor,6.75 x 9.13 in,19th Century,
2508,Fairmount Water Works,Paintings,00082,John A. Woodside,Oil on canvas,22 x 27 1/8 in,1842,Painting
2018,165-Y,Paintings,00964,Ishizo Nishio,Oil on canvas,36 x 46 in,1900-1965,painting; abstract art
1547,Regina Resnik Making Up as Klytmenestra,Paintings, 00876, Arbit Blatas, Oil on carton,, 20th Century, painting; impressionism; woman; profile; sitting; mirror; unsigned
1887,Haitian Neighborhood,Paintings,00953,Avery Fischer Johnson,Watercolor,14 x 21 in,Circa 1935,painting; exterior; buildings; children; street; palm tree
2655,Untitled,Paintings,00297,Madeleine Rouart,Oil on canvas,15.5 x 20.5 in,,
2522,"Untitled Erte Painting, Shooting Star and Figure",Paintings,00056,Erte,,36 x 24 in,1904-1989,painting; modern art; shooting star; figure; red; black; Signed lower right
2947,Talking,Paintings,00934,Kasimir Malevich,Watercolor,13 x 12 in,1900-1935,"painting, cubism, man; Signed lower right"
2557,Figures in a Parisian Park,Paintings,00675,Luigi Loir,Oil on panel,3.75 x 6.25 in,1865-1916,"painting; people; park; trees; impressionism; blue; Signed on lower right ""Loir Luigi"""
2370,A woody landscape with figures in a glade,Paintings,01121,Edward Williams,Oil on panel,11 x 14.5 in.,,
2918,Racoon In Dress,Paintings,00796,Lucien Smith,Oil on canvas,8.75 x 11.75 in,2015,LuSm 82
1930,Lincoln Winter Park Scene,Paintings,00953,Ethel Spears,Gouache,22 x 30 in,1937,"painting; exterior; park; winter; trees; ice skating; snow; Signed lower right ""Ethel Spears 1937"""
2308,The Holy Family with the Infant St. John,Paintings,01052,Julio Romano,Oil on canvas,83.00 x 66.00 cm,17th Century,painting; religious; Virgin Mary; Jesus Christ; woman; men; children; unsigned
2409,Paysage au Coq Rouge,Paintings,00485,Fernand Leger,Oil on canvas,"25.75"" x 36""",1937,Colors
1420,Still Life from College - CCAD,Paintings, 01046, Max Moran, Oil on canvas, Approximately 22 x 22 inches,,
2200,Samurai,Paintings,00964,,Watercolor,16 x 12 in,1900-1969,painting; Japanese; man; samurai
1872,Newborn Dolphin,Paintings,00197,Robert Wyland,Oil on canvas,20 x 29.5 in,1988,painting; water; ocean; dolphins; Signed
1865,County Fair,Paintings,00964,Charlotte Burger,Oil on canvas,38 x 25 in,Prior to 1969,painting; fair
2315,"Jesus Prisionero | Jesus, the Prisoner",Paintings,01126,Unknown,Oil on canvas,Height: 150 cm; Width: 100 cm,18th Century,
1851,Building the Airfield India,Paintings,00337,Millard Sheets,Watercolor on paper,20.75 x 29.5 in,1943,"painting; airplane; woman; lower right ""to Doris and Harold with great appreciation - Millard"" 1944 India"
2116,The Couple,Paintings,00995,Samuel Hampartzoumian,Oil on canvas,"20"" x 24""",Contemporary,signed lower left
2739,Canal Light,Paintings,00809,Gerhardt Miller,Egg tempera,20.75 x 27 in,1972,painting; landscape; water; tree; lighthouse; Signed lower left
2855,Seated Nude Female,Paintings,00057,Houshang Peyman,Oil on canvas,35 x 24 in,1994,painting; portrait; nude woman; sitting; water; unsigned; canvas cut out of frame
2053,Summer Cottage,Paintings,00953,Bruce McKain,Oil,24.25 x 29.25 in,Circa 1935,
1374,Woman Sweeping a Porch,Paintings, 00730, Fernand de Braekeleer, Oil on wood, 30 x 23 in, 1810, painting; woman; porch; broom; Nameplate on front and signed Fernand de Braekeleer
2758,Untitled Guyton,Paintings,00873,Tyree Guyton,Paint; Wood,60 x 36 in,1996,painting; face; man; modern art
2856,Devil Mask,Paintings,00006,Alexander Calder,Gouache,73.75 x 108.12 cm,1974,painting; modern art; devil; pitchfork; Signed and dated lower right
2232,San Antonio,Paintings,00050,Peru,Oil on canvas,40 x 30 in,18th Century,painting; religious; Saint Anthony; Jesus Christ
1422,A Classical Landscape with Two Figures,Paintings, 00954, Gaspard Dughet, Oil on canvas, 51.00 x 69.00 cm, 1615-1675, painting; landscape; trees; road; people; walking
1433,Indian Cache,Paintings, 00600, Sydney Laurence, Oil on canvas, 10 x 8 in,, painting; exterior; cabin; stilts; clouds; Signed lower right
2075,Beach Scene with Figure,Paintings,00643,Frederick H. Mcduff,Oil on canvas,16 x 12 in,1950-2000,"painting; landscape; beach; signed Fred Mcduff lower right; linen matte, gilt wood frame"
1405,Untitled (Faces of God Series),Paintings, 00873, Tyree Guyton, Plaster paint, 36 x 18 in, 1998, painting; face; modern art
1548,Untitled Abstract Landscape (Kandinsky),Paintings, 00934, Wassily Kandinsky, Oil on board, 15 x 21 in, 1890-1944," painting, expressionism, landscape, road, tree, sun, mountain; signed lower left"
2806,American Ship in Storm,Paintings,00578,,,29 x 38 in,1850,painting; sailing ship; waves; storm
1893,Paris - Chez La Mere Catherine,Paintings,00876,Arbit Blatas,Oil on carton,39.00 x 81.00 cm,1972,painting; impressionism; interior; tables; chairs; men; women; unsigned
2412,Racing Past the Club House,Paintings,00831,John Henry Rouson,Oil on canvas,Width,1995-1999,printed signature
2785,Untitled Mixed Media Painting,Paintings,00934,Ivan Vassilievich Kliun,Mixed media,23 x 17 in,1900-1950,"painting, abstract art, yellow, purple, black"
2403,Hudson Valley,Paintings,00225,G. Coste,Oil,14 x 10 in,,painting; realism; landscape; mountains; trees
2870,Light Trap 8204,Paintings,00391,Ron Cooper,polyester resin; fiberglass; acrylic,"24 x 24 in, y",1982,Carries artist label on back; no signature
1534,Stations of the Cross - 9,Paintings, 00444, Ben Stahl,, 9' x 6', 1954, painting; religious; Jesus Christ; cross; whip
2283,"Blue Calligraphy, Orange Sky",Paintings,00006,Alexander Calder,Gouache,73.75 x 103.75 cm,1962,painting; abstract art; black; red; orange; signed and dated lower right
2282,Flower #2,Paintings,00861,Chucho Reyes,Tempera on tissue,36 x 20.5 in,,painting; flower; vase; signed
2117,Stephen VanRensselaer,Paintings,00939,,Oil on canvas,29 x 24 in,Early 19th Century,"painting; portrait; left facing; man; gray hair; cravat; Engraved plate at bottom of frame ""Stephen VanRensselaer"""
1649,St. Nicholas,Paintings, 00374, Russia, Tempera and gold on panel, 11 x 8 in, 16th Century, painting; icon; religious; man
1706,Standing Figure,Paintings, 00964, Keith Finch, Oil on board, 21 x 12 in, 1900-1957, painting; modern art; figure; standing
1529,Artist's Mother,Paintings, 00876, Arbit Blatas, Oil on canvas,, 1927," painting; portrait; full face; woman; brunette; Signed and dated lower right ""A. Blatas"""
2307,Portrait of Cardinal Odescalchi,Paintings,00466,,Oil on canvas,95.00 x 72.00 cm,End of 18th Century,"painting, cardinal"
2882,Les Quais a Paris,Paintings,00441,Eugene Galien Laloue,Gouache on paper,,1875-1941,"painting, Paris, France; Signed lower left ""E. Galien Laloue"""
1371,Buddhist Images,Paintings, 00356, China, Ink on paper, 125.00 x 57.00 cm, 960-1279, painting; Asian; figure; sitting; crown; Buddhism; unsigned
2438,Le Nombril,Paintings,00040,Gil Bruvel,Oil on linen,36 x 29 in,1988,painting; modern art; nude woman; reclining; dragonfly; signed and dated lower right
1918,Summer Flowers,Paintings,00231,Mark King,Acrylic,24 x 30 in,1989,painting; landscape; flowers; pond; water; Signed; Serial # KIN 1183
1413,"Park Scene, Paris",Paintings, 00300, Lucien Frank, Oil on carton, 12.5 x 9 in, Birth/Death Dates," painting; Paris, France; street scene; signed lower right"
2972,Mother of God (of Vladimir / Vladimirskaya),Paintings,00360,,Egg tempera on wood panel,,1600,
2897,Together,Paintings,00558,Darida,Oil on canvas,"30 x 40 in, frame",20th Century,painting; modern art; man; woman; signed by artist
2179,"View from the Artist's Studio, Paris",Paintings,00428,Mary Foote,Oil on canvas,22 x 13 in,,painting; street scene; balcony; buildings; door; not signed
1399,"Fountain at Frisole, Italy",Paintings, 00428, Mary Foote, Oil on canvas, 30 x 19 in,, painting; exterior; fountain; wall; trees; signed
1807,"Portrait of Jan van Loon, Jr.",Paintings, 00489, Bernard Coclers, Oil on canvas, 35 x 30 cm, 1779, painting; portrait; right facing; man; sitting; wig; signed
1550,Summer Foliage,Paintings, 00953, Marguerite Burgess, Watercolor painting, Length: 12.25 in; Width: 19.75 in, 1940," No Image Associated with this Item; Signed ""Marguerite Burgess"" lower right; written in sepia ink top left verso ""Summer Foliage, $12, Marguerite Burgess, 1731 Connecticut Avenue, NW, Washington, DC""; Label in lower right corner ""19, Summer Foliage by Marguerite Burgess, Washington, DC. Loaned by the U.S. Government Section of Fine Arts"""
2541,Kasimir Kord (Conductor),Paintings,00876,Arbit Blatas,Oil on canvas,,20th Century,"painting; impressionism; man; standing; bow tie; conductor; Signed lower right ""Blatas"""
2989,Taos Indian,Paintings,00146,Henry Balink,,24 x 24 in,,painting; portrait; man; left facing; Native American; buckskin; necklace; Signed lower right
2373,St. James the Greater,Paintings,00954,Pacino da Bonaguida,Oil on panel,61.00 x 35.50 cm,1303-1339,painting; religious; saint; robes; beard
2236,Northern Light,Paintings,00578,Chinese,,28 x 38 in,1851,painting; sailing ship; ocean
2955,Knight and Angel,Paintings,00309,Vachagan Narazyan,Oil on canvas,14 x 14 in,2007,Painting; signed on lower right and on back with black marker
1489,Strains of Blue,Paintings, 00964, Evelyn Delight Carpenter, Oil on canvas, 34 x 34 in, 1963, painting; abstract art; blue
1477,Village in Great Britain,Paintings, 00926, T. H. Victor, Watercolor on paper, 16 x 24 in, 19th Century, painting; exterior; landscape; village; buildings
2698,"Untitled Oil on Glass, Reverse Painting",Paintings,00423,,Oil on glass,18 x 18 in,,painting; religious; priest; robe; bow; reverse painting
2695,Sacre Coeur (Sacred Heart),Paintings,00026,Elisee Maclet,Oil on canvas,24 x 18.5 in,20th Century,painting; French; street; man; standing; buildings; trees; Signed lower right
2197,The Black Virgen,Paintings,00296,Patssi Valdez,Acrylic on canvas,36 x 24 in,1989,painting; signed lower left
818,Still Life with Rabbit and Pheasant,Paintings,00876,Arbit Blatas,Oil on carton,,20th Century,"painting; impressionism; still life; plates; bottle; knife; pheasant; rabbit; Signed lower right ""A. Blatas"""
2101,Faces in the Hood Series,Paintings,00873,Tyree Guyton,Metal; paint; automobile; hood,96 x 72 in,1997,painting; face; modern art; small ID number written on back
1625,Vase of Flowers in a Niche with Fruit and Mushrooms,Paintings, 00954, Paolo Cattamara, Oil on canvas, 79.80 x 63.50 cm, 18th Century, painting; still life; vase; flowers; fruit; mushroom
2139,Japanese Soprano as Madame Butterfly,Paintings,00876,Arbit Blatas,Oil on canvas,,20th Century,"painting; impressionism; woman; Asian; standing; fan; Signed lower left ""A. Blatas"""
2971,6% Bar,Paintings,01046,Max Moran,Oil on canvas,40 x 52 in,1985,Signed Michael or Max Moran
1461,Lakeside Conversation,Paintings, 00318, Hiro Yamagata, Watercolor, 24 x 30 in, 1985, painting; exterior; lake; trees; lamppost; bench; people; Signed
2590,City Corner,Paintings,00953,Elliot Orr,Oil,23 x 29 in,1938,"painting; exterior; building; stairs; night; man; walking; Signed lower right ""Elliot Orr""; Rear tag data"
2224,Busy City,Paintings,00964,Ben Abril,Watercolor on paper,21 x 28 in,1900-1959,painting; exterior; city; street; cars; buildings; signed lower left
1463,Spring Flowers,Paintings, 00214,, Oil on canvas, 24 x 24 in,, painting; Asian; portrait; left facing; woman; hat; basket
1648,Street Scene with Building in Background,Paintings, 00643, Lucien Nuequelman, Oil on panel, 25 x 20 in, 1988," painting; Paris, France; street scene; signed Nuequelman, dated 1988"
2769,Couples,Paintings,00843,Stephen Fox,Oil on canvas,55 x 66 in,1996,"painting; street; dogs; trees; Signed ""FOX"" in lower right corner"
1708,Portrait of a Child With a Hat,Paintings, 00926, Italian, Oil on panel, 13.5 x 11.5 in, 18th Century, painting; portrait; full face; child; hat
2263,Country Scene,Paintings,00456,Alfred Vickers,Oil on canvas,34 x 48 in,,painting; landscape; trees; mountains
1599,Untitled Philip Paval Abstract Painting,Paintings, 00964, Philip Paval, Oil on board, 24 x 30 in, 1950-1970, painting; abstract art
2929,Floral Still Life,Paintings,00361,David Alfaro Siqueiros,Acrylic on panel,"31"" x 23.25""",,signed lower right
2171,The Calvary With Veronica's Veil,Paintings,00374,Flemish,Oil on panel,32 x 22 in,16th Century,painting; religious; people; cross; arch; robes; Jesus Christ
2526,Manglietia fordiana,Paintings,01056,Mang Hang Ho,Watercolor and pencil on paper,Width: 15 in; Height: 20 in.,1988,signed Ho Mang Hang lower right
2774,Mythology II,Paintings,00884,Adolfo,Acrylic on canvas,47.25 x 37.5 in,1994,painting; abstract art; blue; yellow; black; white
2851,Stations of the Cross - 12,Paintings,00444,Ben Stahl,,9' x 6',1954,painting; religious; Jesus Christ; cross; crucifixion
2920,Chinese Man,Paintings,00926,Chinese,Watercolor; needlepoint; silk,8 x 6 in,19th Century,painting; Asian; man; standing
1825,Mother and Child,Paintings, 00936, A. P. Cole, Oil, 36 x 28 in,, painting; woman; child; mirror
2644,Self Portrait,Paintings,00995,Minas Avetisyan,Oil on canvas,22 x 22 in,1928-1975,
2721,Portrait of Roommate Michael,Paintings,01046,Max Moran,Oil on panel,16 x 20 in,1988-1989,
2217,Thomas Birch oil on panel Landscape,Paintings,00185,Thomas Birch,Oil on panel,24 x 34 in,1800-1850,"painting; landscape; trees; sailing ship; water; rowboat; boy; men; ""T. BIRCH/ PHILA."" carved into back of panel"
1475,Sigmund Menkes,Paintings, 00876, Arbit Blatas, Oil on canvas, 102.00 x 76.00 cm, 20th Century, painting; portrait; right facing; man; tie; vest; unsigned
1774,Place de Village en Provence - Park Scene,Paintings, 00690, Jose Fabri-Canti, Oil on canvas, 22 x 28 in, 20th Century," painting, impressionist, landscape, figures, standing, sitting, tree, park; Signed lower right"
1425,God Bless America I Detail Ver. II #5,Paintings, 00702, Peter Max, Mixed media painting with acrylic and color giclee on canvas.," 12"" x 6""", 2008, Registration no. 242234.0000
2789,Morro Bay,Paintings,00964,Carrol T. Starr,Oil on canvas,12 x 16 in,1949,painting; ocean; beach; waves; rock
2693,Untitled Ali Golkar Painting of a Plant,Paintings,00981,Ali Golkar,Acrylic on canvas,60 x 48 in,2002,"painting; modern art; plant; Signed ""Ali"" lower left; inventory #752 on back of canvas"
2192,Three Faces,Paintings,00605,Margaret Keane,Oil on canvas,24 x 30 in,1974,"painting; women; three; Asian; fan; signed lower left ""MDH Keane '74"""
2776,Gloucester Fleet at Night,Paintings,01206,Winslow Homer,Watercolor on paper,Height: 9 5/8 in; Width: 18 5/8 in,1880,"inscribed in pencil in lower right ""Winslow Homer by C.S.H. Executor"""
1702,Seascape,Paintings, 00325, Alfredo Gomez, Oil on canvas," 36"" x 48""",, signed by artist on lower right
1479,Place de la Bastille,Paintings, 00905, Eugene Galien Laloue, Gouache, 7.5 x 12.5 in, 1854-1941," painting; cityscape; Paris, France; street; buildings; monument; people; walking; Signed lower left"
1460,Carmen,Paintings, 00685, Chris Moroney, Gesso board, 75.00 x 60.00 cm, 20th Century, painting; woman; brunette; shawl; moon; night; flowers; arches
2489,Smoking Girl,Paintings,01004,Rebecca Midwood,Acrylic on wood,24 x 48 in,1999,painting; woman; smoking; underwear; heart; Signed and dated on verso.
2046,Mums and Daisies,Paintings,00610,Rudy Colao,Oil on panel,24 x 20 in,20th Century,painting; still life; flowers; vase; signed lower left
1562,Set Design,Paintings, 00285, Nikolai Konstantinovich Kalmakov, Gouache cardboard, 40.00 x 38.00 cm,, painting; stage set; theater
1949,Coast Highway,Paintings,00964,Elizabeth Strong,Oil on canvas,14 x 29 in,1900-1962,painting; landscape; road; fence; trees
2925,Madonna and Child,Paintings,00374,,Oil and gold on panel,23 x 15 in,16th Century,painting; Byzantine; religious; Virgin Mary; Jesus Christ; child
2078,William Tecumseh Sherman,Paintings,00033,Samuel H. Lockett,Oil on canvas,"88"" x 50""",Circa 1869,Portrait of Gen. William Tecumseh Sherman; Standing; Posing behind a chair; Cut from the frame at the time of theft
1736,Luxembourg Garden,Paintings, 01158, Henri Matisse, Oil on canvas, 40.50 x 32.00 cm, 1905, painting; landscape; statue; trees; signed
2452,Giverny Bridge,Paintings,00026,Albert Malet,Oil on canvas,18 x 21 in,20th Century,painting; French; impressionism; bridge; water; flowers; trees; Signed lower right
1389,Regina Resnik in The Medium,Paintings, 00876, Arbit Blatas, Oil on carton,, 20th Century," painting; impressionism; woman; sitting; light fixture; Signed lower right ""Blatas"""
2825,Serenity,Paintings,00782,Ostor Glorig,Oil on canvas,37 x 47 in,1965-1969,painting; ocean; seascape; sailboat; signed Ostor Glorig lower left; hand carved dark wood frame
2401,Arrival at the Encampment,Paintings,00584,Pieter Wouwermans,Oil on canvas,21.5 x 27.5 in,1623-1682,painting; Dutch; exterior; horses; men; riding; tent; flag; initialed
1979,Archangel Saint Michael | Saint Michael Fighting the Devil,Paintings,00477,Spanish Colonial,Oil on canvas,89.00 x 62.00 cm,18th Century,"painting; St. Michael; devil; inscribed in gold in lower right, Cuzco style lettering"
2874,Negro Boy Riding in Donkey Cart,Paintings,00166,William Aiken Walker,Oil on board,"6 x 12 in, frame",Circa 1884,painting; cart; donkey; African-American; signed
2572,Untitled (Stick Figure),Paintings,00361,Rufino Tamayo,Oil on canvas,27 x 23.25 in,1968,Signed and dated 0-68 in lower right.
1965,Back Home Blues,Paintings,01117,Rev. SW. John Dewayne Lanham,Folk Art- canvas acrylic,8 x 8 in,2002,"Painting; black blues player sitting in front of blues house; signed name/nickname right side and SO marked on rear, code 139405 on back; frame, glass, matted"
1686,The Adoration of the Shepherds,Paintings, 00819, Giovanni Castello (called II Genovese), Tempera on vellum, 7.375 x 5.5 in, 1584," Painting; Religious; Initialed lower center ""C.B."" and dated in doorway at top ""1584."" Also initialed and dated on verso; Painting is in very good condition. No noticeable problems with the work. Tempera looks good. Frame is in good condition. Dark wood frame, matted in velvet with glass covering. Piece of paper taped to the back with text"
3009,"South Ulst, Outer Hibrides",Photographs, 00963, Paul Strand, Photograph,,, photograph; Signed; Walter Rosenblum label on the back lower left corner.
3041,"Martha Graham, American Provencials",Photographs,00963,Barbara Morgan,Paper,8 x 10 in,1935,photograph; signed
3013,The One Who Watches,Photographs, 00963, Michael Kenna, Photograph,,,
3016,Chanel Crossing,Photographs, 00963, Michael Kenna, Photograph,,, Copyright and edition number on back
3008,Flirting,Photographs, 00963, Walter Rosenblum, Photograph,,, photograph; Signed on verso.; Walter Rosenblum label on the back lower left corner.
3036,Supports de Jette,Photographs,00963,Michael Kenna,photograph,,,photograph; Michael Kenna copyright and edition number on back.
3007,Storm Warning,Photographs, 00963, Michael Kenna, Photograph,,, No Image Associated with this Item; Michael Kenna copyright and edition number in back; ed. 23/45
3062,"Jester, Near Brindisi 6/45",Photographs,00963,Linda Butler,photograph,,,
3080,"Berlin, Kurfurstensh, 1932",Photographs,01138,,Silver print photograph,Height: 4.5in.; Width: 3.5in.,1932,"titled, and dated in pencil on verso (RMG5608)"
3539,Three Vases (Large),Prints,00893,Edna Hibel,Canvas lithograph print,,20th Century,No Image Associated with this Item; Signed; Portfolio # 139
3245,La Espina,Prints,00861,Raul Anguiano,Lithograph,17 1/8 x 22 1/2 in,,"print; peasant; landscape; signed and dedicated ""por mi amigo Augusto"""
3248,Beethoven's Sonata,Prints,00926,Russian,,10 x 20 in,19th Century,lithograph; interior; musicians; piano; violin; people; sitting; chairs; Signed; Print numbered
3099,LAM,Prints, 00861, Wilfredo Lam, Ink on paper, 6.5 x 3.25 in, 1957, print; lettering; signed and dated 1957
3273,The Golden Serpent,Prints,00923,Michael Parkes,Lithograph,,20th Century,print; signed lower left# EA
3446,Grabado de Alberto Beltran,Prints,00861,Alberto Beltran,Lithograph,10.25 x 15.75 in,,"print; political cartoon; number 118 in lower left, title in lower left, signed in lower right"
3436,Paris Bourse,Prints,00363,Leroy Neiman,Lithograph,30 x 38 in,,print; building; people; group; flags; arches; Signed; #54/300
3299,Summer Breeze by Michael Parkes,Prints,00949,Michael Parkes,7-color stone print lithograph,24 x 15.75 in,1999,"lithograph; seated winged female nude in profile, arms crossed over shins, swans flying from left to right towards female figure; edition # 9/60, artist's signature; background color is eggshell/beige"
3118,Tertulia,Prints, 00861, Leopoldo Mendez, Ink on paper, 13.75 x 9.5 in, 1933," print; political cartoon; signed in pencil, lower right; paper is wrinkled"
3335,Alchime Des Philosophies (Alchemy of the Philosophers) Eel,Prints,00167,Salvador Dali,Lithograph,30 x 22 in,,print; surrealism; eel; signed; #210/225
3386,Cain,Prints,00861,Raul Anguiano,Lithograph,17 1/8 x 22 1/2 in,,"print; cain and abel; signed and dedicated ""para mi amigo Augusto"""
3250,Colette and Child,Prints,00893,Edna Hibel,Lithograph canvas,,20th Century,print; portrait; woman; infant; Signed; Portfolio # 206 - Artist Proof
3439,Rosa Gallica Gueriniana,Prints,00447,Pierre Joseph Redoute,Paper,Sheet size,1817-1824,engraving; flower; rose; Inscription on the bottom of the paper
3168,A Boss,Prints, 00777, Yoshitoshi Mori; Japan, Woodcut, 72.00 x 91.00 cm, 1977," print; Asian; man; caricature; signed, dated and stamped; #18/50"
3569,Triumph of the Courtesan,Prints,00323,Erte,Serigraph,,20th Century,print; men; woman; wings; snake; XXX/XLV
3508,Backwaters,Prints,00953,Robert Randall Burkert,,23 x 31 in,1966,print; lake; trees; Label on verso
3570,Engagement at the Circus,Prints,00451,Marc Chagall,Lithograph,17.75 x 13.5 in,,print; signed; #8/50
3499,Love and Beauty Suite,Prints,00191,Erte,Serigraph,,,print; Signed by artist; Edition XCV/CL
3541,Ancient Moral,Prints,00990,Benjamin Creme,Lithograph,"27.5"" x 21""",2010,"signed ""Creme"" lower right; edition #101/350 through #350/350 (250 prints stolen)"
3195,Manhattan Moonlight,Prints, 00779, Ellison Hoover,,, 1942-1945,
3567,The Promise,Prints,00923,Michael Parkes,Lithograph,,20th Century,print; signed lower left; Number # 43/250
3387,Zoce,Prints,00861,Angel Bracho,Lithograph,18.25 x 12.25 in,,print; political cartoon; signed lower right
3433,Untitled Alexander Calder Print,Prints,00160,Alexander Calder,Lithograph,48 x 36 in,,print; abstract art; black; red; orange; circles; Signed
3375,Juliet and Baby,Prints,00893,Edna Hibel,Lithograph canvas,,20th Century,print; portrait; woman; infant; Portfolio # 163 - Artist Proof
3201,Lincoln in Dalivision,Prints, 00453, Salvador Dali, Print, 22 x 30 in,, No Image Associated with this Item; Signed by the artist in the margin
3594,Margaret and Child,Prints,00893,Edna Hibel,Lithograph,,20th Century,print; portrait; woman; infant; cloak; Signed; Portfolio # 193
3360,Divine Comedy Series,Prints,00514,Salvador Dali,Woodcut pen and ink,14 x 9 in,20th Century,print; centaur; signed
3483,Femme Assise au Chapeau et Femme Dabout Drapee,Prints,00899,Pablo Picasso,Aquatint,,"January 29, 1934","print; woman; hat; Signed by artist; #210 from ""The Volard Suite"" edition 250"
3344,Angel Appearing to the Shepherds,Prints,00702,Rembrandt Van Rijn,"Etching, brin and drypoint on thick laid paper with threadbare margins","10.13"" x 8.5""",1634,Other number
3303,Horseman,Prints,00335,Salvador Dali,Pencil paper,,20th Century,etching; drawing; man; riding; horse; surrealism; number 18/39
3151,American Gothic,Prints, 00953, Lawrence Kupferman, Etching, 16 x 20 in, 1937,
3492,Prince of Cups,Prints,00499,Salvador Dali,print,,,surrealism; Number 7/250
3392,Elephant Stampede,Prints,00500,Leroy Reiman,serigraph on canvas,"31"" x 41""",1976,Edition marked 7/300
3324,British Transport Ships,Prints,00722,Antonio Jacobson,Print,36 x 48 in,,"print; seascape; signed lower center, title text"
3407,Sirene II,Prints,00923,Mikio Watanabe,Mezzotint Print,,20th Century,Signed lower left #5/90
3512,"Letter ""Y"" (Alphabet Series)",Prints,00561,Erte,Serigraph,15.5 x 10 in,20th Century,print; letter; Signed; # 308/350
3557,Untitled Vargas Lithograph (Nude Seated Profile),Prints,00726,Alberto Vargas,Paper,20 x 40 in,1979,"lithograph, nude woman; Signed by the artist ""all best to my friend Jeff"" "" Feb 9, 1979""; Printed"
3176,Indian Girl - Green,Prints, 00237, Andy Warhol, print,,,"; portrait; woman; #11, 14, 36, 55, 64, 66, 67-73, 83 of 100"
3424,Flower Song,Prints,00893,Edna Hibel,Lithograph,,20th Century,print; Asian; woman; basket; flowers; Signed by artist; Portfolio # 291
3292,Eva and Baby,Prints,00893,Edna Hibel,Lithograph,,20th Century,print; portrait; woman; kerchief; infant; signed; Portfolio # 465
3204,Japanese Woman (Proof),Prints, 00893, Edna Hibel, Lithograph print,, 20th Century, print; portrait; Asian; woman; Signed; Portfolio # 225 - Artist Proof
3354,Black Curve on Yellow,Prints,00999,Werner Drewes,Color woodcut,5 5/8 x 8 in,1938,proof 3
3231,La Llama do del Istincto,Prints, 00861, Raul Anguiano, Lithograph,Width: 22 1/2 in.; Height: 17 1/8 in.,," print; signed and dedicated ""para mi amigo Augusto"""
3551,The Little Empress,Prints,00893,Edna Hibel,Lithograph canvas,,20th Century,print; portrait; Asian; woman; royalty; robe; headdress; signed; Portfolio # 324
3563,F.X. McRory's Whiskey Bar,Prints,00363,Leroy Neiman,Lithograph,22 5/8 x 45 1/8 in,,print; bar; people; drinking; tables; bagpipe; ladder; Signed; #78/300
3472,Indian Chiefs - White,Prints,00237,Andy Warhol,Silkscreen,,,"print; portrait; Native American; #17, 20-45, 86 of 100"
3549,Image of three rows of multiple circles in various colors,Prints,01073,Yaacov Agam,Computer technology,"21 x 16 in, frame",20th Century,lithograph; modern art; kinetic art; circles; Signed lower right side; Numbered 96/99
3480,Origine,Prints,00923,Mikio Watanabe,Mezzotint print,,20th Century,Signed lower left #32/90
3402,"Portrait of Sir John Campbell, 4th Earl of Loudon",Prints,00840,,Paper,21.5 x 17.5 in,1755,"print; portrait; lower corner damaged and secured with cellophane trape. ""Worm holes"" in upper left portion of print. Black wood frame."
3516,Cabeza En Negro,Prints,01022,Rufino Tamayo,Mixograph,33 x 25 in,1978,"print; abstract art; green; brown; circle; signed ""R Tamayo"" possibly on the front; Number 9/100"
3517,Aetna Waking,Prints,00628,Carol Summers,Woodcut,38 x 38 in,1950's,print; abstract; signed and numbered #42/50
3456,The Embrace III,Prints,00776,Engtay,Etching print,18 x 4 7/8 in,,Number 10/175
3175,Shakti II,Prints, 00990, Benjamin Creme, Lithograph," 28"" x 21.75""", 2005," signed ""Benjamin Creme, 1964"" lower right; edition #101/350 through #350/350 (250 prints stolen)"
3510,As the Lilly Among the Thorns,Prints,00964,Willie Suzuki,Lithograph,28 x 36 in,1968,print; nude woman; reclining; Signed lower right; Artist's proof lower left
3342,Portrait de Femme,Prints,00899,Rufino Tamayo,Lithograph,,,print; nude woman; signed in pencil by artist; #33/150
3307,Mao,Prints,01014,Andy Warhol,Screenprint,36 x 36 in,1972,print; Mao Zedong; man; Chinese; portrait; Edition #53/250 (signed; numbered on the reverse)
4310,Lotus,Sculptures,00108,Mexico; Olmec,Stone,3.75 in x 2.5 in x 2.5 in,1000-500 B.C.,Sculpture; figure; seated; missing arm; missing head
4166,Ulysses -- Large,Sculptures,00604,John Dreyfuss,Cast bronze,Length: 264 in.; Width: 48 in.; Weight: 1695 lbs.,1992,"signature, edition no. and foundry mark (ART or Tallix) marked on base"
4225,Yellow Sienna Marble Sculpture,Sculptures,00565,Henry Klar; Gloria Klar,Marble,40 in,20th Century,sculpture; abstract art; circular; Unknown markings
3903,Three-Piece Table Set,Sculptures,00240,Germany,,30 x 21.5 x 12 in,Circa 1790,"sculpture; candelabra; warrior; helmet; man; Centerpiece is hallmarked 800M, crown, spread wing eagle (Reich mark); each candelabra is hallmarked LK with a five petal flower following."
3933,Carmel,Sculptures,00534,Bennett Sculpture Gallery,Bronze,,,sculpture; Unsigned; #187 stamped on bottom
3735,The Creation,Sculptures, 00355, Giancarlo Biagi, Bronze, 11 in, 1987, sculpture; nude men; nude woman; standing; hammer; Foundry Mark
3974,Auguste Rodin Untitled Bronze of Female Dancer,Sculptures,00025,Auguste Rodin,Bronze,13 in,19th Century,sculpture; woman; standing; dancer; Alexis Rudier (foundry) marks - signed on foot
4221,Visions in Bronze: Love Goddess,Sculptures,00528,Erte,Bronze,19.75 in,,sculpture; woman; standing; gown; bird; #6/375
4120,Boy With Frog,Sculptures,00908,Adolf Sehring,Bronze,,1993,"sculpture; boy; sitting; frog; ""A. Sehring""; #44 of 45"
4149,Crista de la Columna,Sculptures,01141,Unknown,Wood; Glass,Height: 50 cm.; Width: 50 cm.; Depth: 8 cm.,18th Century,"Wooden, carved sculpture with glass eyes; Fissure on the right arm; AFI/DGAPII/4508/09/0386-BC"
3814,Abstract Sculpture in Black Belgian Marble,Sculptures,00565,Henry Klar,Marble,48 in,20th Century,"sculpture; abstract art; black; Signed ""Henry K"""
4042,Bull Elk,Sculptures,00930,Eli Harvey,Bronze,31 in,Date of Birth: 1907,sculpture; elk
3765,The Frond,Sculptures, 00142, Richard Guino, Bronze, 14 x 17.5 x 7 in,, sculpture; nude man; nude woman; #40/325
4060,The Night Watch,Sculptures,00926,Rembrandt; Miller,Pewter,6 x 9 in,Early 19th Century,bas relief; men; standing; soldiers; signed
4237,Pole sculpture on wood column,Sculptures,01184,Robert Indiana,Gesso on found wood column and base,63 1/2 in x 13 3/8 in x 13 3/8 in,Approximately 1964,
4102,Painful Virgin (Dolorosa),Sculptures,00480,Mexico,Wood polychrome gilt,111.00 x 51.00 x 33.00 cm,17th Century,sculpture; religious; woman; standing; Virgin Mary
4021,Green Olive Macchia,Sculptures,00872,Dale Chihuly,Glass sculpture,Height: 8 in; Width: 10 in; Depth: 7 in.,,
4174,Nude Woman,Sculptures,00595,Louis W. Durchanek,Arbutus or madrona wood,Height: 18 in.,1968,
4088,Mandala - Cremation Scene (with Man and Woman),Sculptures,00258,Nepalese,Bronze; copper,,14th Century,"sculpture, man, woman"
4271,St. Bernard de Clairvaux,Sculptures,00958,,Oak,81.00 cm,15th Century,statue; religious; man; standing
3976,Le Christ,Sculptures,00958,,Metal,150.00 cm,,"sculpture; cross; Realisee avec des lames de ressort, d'essieu."
3880,Banded Agate Owls Sculpture,Sculptures,00911,Zadora Limited,Agate; gold,,20th Century,"sculpture; owl; ""Zadora"" signature and possible engraved goldsmith initials"
4177,La Vierge | The Virgin,Sculptures,00958,"Alphonse Peters, van Luik",Oak gilt,87 cm,1901,statue; religious; Virgin Mary; standing
3691,Roller Skates,Sculptures, 00857, Leonard Jungwirth, Carved wood,, 1930's, sculpture; figures; roller skates; dog
3965,Esperando,Sculptures,00543,Russell W. Bowers,Bronze,15 in,,sculpture; woman; Hispanic; standing; robe; child; #2/20
3839,Figuras Orientales,Sculptures,00401,Asian,,,,sculpture; Asian; figures
4110,Abstract Sculpture in Pakistan Onyx,Sculptures,00565,Gloria Klar,Onyx,30 in,20th Century,"sculpture; abstract art; white; Signed ""Gloria K"""
4104,Abstract Framed Sculpture in Green and Purple,Sculptures,00900,Anthony Quinn,Wood,28 x 22 in,1981-1982,sculpture; abstract art; green; purple; not signed
4189,Black Belgian Marble Sculpture,Sculptures,00565,Henry Klar,Marble,60 in,20th Century,"sculpture; abstract art; black; Signed ""Henry K"""
3788,Lotus,Sculptures, 00659, Charpentier, Bronze, 19.25 x 30.75 x 8.75 in,, sculpture; modern art; woman; sitting; Signed; Edition #2/8
3856,Cry of Vengeance,Sculptures,00200,Gregory Perillo,Bronze,,20th Century,sculpture; horse; man; riding; Native American; shield; spear
3776,Rain,Sculptures, 00327, Richard MacDonald, Bronze, 36 x 16 x 24 in,, sculpture; man; bowing; mime; hat; Number 71 of 90
4224,American Decoy,Sculptures,00604,John Dreyfuss,Cast bronze,Height: 38 in.; Length: 51 in.; Width: 21 in.; Weight: 450 lbs.,1992,"signature, edition no., foundry mark (ART or Tallix) on base"
3989,Stone Carving of Sea Lion,Sculptures,00589,Inuit,Stone,4 in,,carving; sea lion
3658,Green Tara,Sculptures, 00258, Asian, Bronze gilt, 8 in, 18th Century," sculpture,seated figure, Buddhism, tara"
3878,Playfulness,Sculptures,00010,Paul Manship,Bronze,13 3/8 in,1912-1914,sculpture; woman; sitting; child
4332,Walking Grizzly,Sculptures,00701,Ace Powell,Bronze,25 x 10.75 x 6 in,,sculpture; bear; walking; # 4 of 30
3817,American Eagle,Sculptures,00606,Wilhelm Schimmel,Wood,9.25 x 19 in,1861,sculpture; eagle
3631,Horse,Sculptures, 00975, Kaku Unsai; Japan, bronze gilt, 8 in, Meiji Period, sculpture; horse; Signed: Kaku Unsai
4329,Statue of Woman Sitting on Brick Colored Clay Throne,Sculptures,01049,,Clay,9.10 x 4.20 cm,,sculpture; woman; sitting; throne; scarf; dress
3650,Quails,Sculptures, 00264, Chinese, Cloisonne,, 18th Century, sculpture; quails
4317,Terracotta Basket With Blanket Shard,Sculptures,00159,Dale Chihuly,Glass,Height: 8 in.; Diameter: 6 in.,1980,sculpture; vase; Signed and dated 1980
3724,Backcountry Bows,Sculptures, 00520, Ott Jones, Bronze, 15 x 14 in, 1995," sculpture, fish, Work is signed.; #3/32"
4223,Deep Night Macchia with Royal Blue Lip Wrap,Sculptures,00872,Dale Chihuly,Glass,Height: 10 in.; Width 23 in.; Depth: 18 in.,,Sculpture
3964,Flaming Scarlet Macchia with Blue Water Lip Wrap,Sculptures,00872,Dale Chihuly,Glass,"10 x 26 in, y: 19 in",,Sculpture
3606,Zobeide,Sculptures, 01017, Erte, Bronze; gold leaf, 21.5 in, 20th Century, sculpture; art deco; woman; standing; chains; tassels; #198/375
4107,Centurion,Sculptures,00122,Igor Mitoraj; Italy,Bronze,8 x 5 in,1989,sculpture; bust; man; fragment; blue; signed
4194,Abstract Framed Sculpture in Pink and Brown,Sculptures,00900,Anthony Quinn,Wood,28 x 22 in,1981-1982,sculpture; abstract art; pink; brown; Not signed
4123,Standing female figure with incised patterns on torso,Sculptures,00775,Bambara; Mali,Carved wood,15 7/8 in,,carving; African; figure; nude woman
3654,Lavender Mauve Macchia Pair with Dark Teal Lip Wraps,Sculptures, 00872, Dale Chihuly, Glass, Height: 18 in; Width: 28 in; Depth: 24 in,, Sculpture
4139,Black Cylinder #13,Sculptures,00872,Dale Chihuly,Glass,Height: 11 in.; Width: 10 in.; Depth: 10 in.,,Sculpture
4295,From Broncs to Bronzes,Sculptures,00724,Grant Speed,Bronze,7 3/4 x 5 3/4 x 5 5/8 in,,sculpture; cowboy; man; standing; hat; chaps; lasso; #19/100
4313,Shield,Sculptures,00304,M. L. Snowden,"Bronze, patina, granite",31 x 28 x 18 in,2001,"Sculpture; ""AP 4"" (4/10) with title and artist's name"
3931,"Abstract Sculpture, White and Gray Marble",Sculptures,00565,Henry Klar; Gloria Klar,Marble,30 x 12 in,20th Century,sculpture; abstract art; white; gray; No markings.
4011,Little Horse,Sculptures,00615,Gloria Gramz,Bronze,6 x 4 in,2000,sculpture; horse
3941,"Bone Female Idol, Green",Sculptures,01049,,Bone,5.90 x 1.40 cm,,sculpture; woman; crown; dress
3897,Terracotta Woman's Head with Hair Woven on Forehead,Sculptures,01049,,Terracotta,3.10 x 2.55 cm,,sculpture; head; woman
4284,Snow,Sculptures,00953,Heinz Warneke,Plaster metal,7 x 9 in,Circa 1951,sculpture; snowflakes; no signature
3893,Emerging Flame,Sculptures,00558,Frederick Hart,Acrylic,25 in,20th Century,sculpture; nude woman; two; Signature F Hart engraved on the outer base of the sculpture; #163/395
3750,Fly Fishing,Sculptures, 00179, Carl Wagner, Bronze, 40 x 30 in,, sculpture; eagles; fish; signed. Name plate
3610,Palmyra Funerary Sculpture of a Women Making a Blessing,Sculptures, 00950,, Limestone, Height: 55 cm ; Width: 44 cm, 2nd-3rd Century AD," Three lines in Palmyrene on the right of the woman's head: ""Berreta daughter of Ogga son of Nasrai"""
3882,On Autumn Wind,Sculptures,00539,Don Dufva,Bronze,8 1/2 x 13 in,,sculpture; geese; flying; #5/12
3891,Le Chat (The Cat),Sculptures,00338,Theo Tobiasse,Bronze,8.7 x 4.6 x 15.4 in,1984,Series of 8 duplicates. Pieces 1 - 6 are still missing (7 and 8 have been recovered); Each scultpure is signed by the artist and numbered.
4170,Oscar,Sculptures,01024,,Metal; Gold plated,13.5 in,2000,"sculpture; Academy Awards; nude man; standing; Engraved serial no. 3030, 3033 and 3044, lower rear base of awards"
4266,Reliquary Figure,Sculptures,00148,Fang; Africa,Wood,24 in,Circa 1890,sculpture; African; man; figure; standing
4161,Joan of Arc,Sculptures,00081,,Silver; Ivory; Semi-precious stone,,,sculpture; woman; standing; armor; flag
3695,Bronze Nude,Sculptures, 00240, C. Noel, Bronze, 30 x 7.5 x 7.5 in,, sculpture; nude woman
4203,Prussian Green Cylinder with White Drawing,Sculptures,00872,Dale Chihuly,Glass,Height: 15 in.; Length: 8 in.; Depth: 8 in.,,Sculpture
4020,Sailfish Sculpture,Sculptures,00361,Andreas von Zadora Gerlof,"spectrolite, diamond, gold, rock crystal","Width: 9""",,
3991,Mr. Cloud,Sculptures,00290,Takashi Murakami,Acrylic synthetic resin fiberglass wood,27.5 x 31.5 in,2004,sculpture; cloud
4213,Firebird,Sculptures,00552,Erte,Bronze,16.5 in,,sculpture; nude woman; tail; wings; feathers; Signed; #92/250
4322,Bronze Figure on Black Marble Base,Sculptures,00565,Henry Klar,Bronze; Marble,18 in,20th Century,"sculpture; modern art; figure; standing; Signed ""Henry K"""
4280,Visions in Bronze: Wisdom,Sculptures,00528,Erte,Bronze,16 in,,sculpture; woman; standing; gown; fan; #130/375
3833,Cosmos,Sculptures,00534,Bennett Sculpture Gallery,Bronze,,,sculpture; Unsigned; #23 stamped on bottom
4111,Bearded Clay Head,Sculptures,01049,,Clay,11.5 x 8.8 x 7.8 cm,,sculpture; head; man; beard
4321,"Pre-Columbian Figure, seated",Sculptures,00409,Pre-Columbian,Rock crystal,,,sculpture; Pre-Columbian; figure; seated
4124,Red Soft Cylinder with Naples Yellow and White Drawings,Sculptures,00872,Dale Chihuly,Glass,Height: 9 in.; Width: 10 in.; Depth: 9 in.,,Sculpture
3657,Peach Cylinder with Indian Blanket Design,Sculptures, 00872, Dale Chihuly, Glass, Height: 9 in; Width: 6 in; Depth: 6 in,, Sculpture
3806,Pre-Columbian Jade Sculpture,Sculptures,00978,Pre-Columbian,Jade,5 in,,sculpture; Pre-Columbian; figure
3955,Female Figurine in pose with right hand on right breast,Sculptures,01049,,,12.30 x 4.30 cm,,sculpture; nude woman; standing; head missing
3829,Chalcedony and Rose Quartz Kingfisher Sculpture,Sculptures,00911,Zadora Limited,Chalcedony; rose quartz; gold,,20th Century,"sculpture; kingfisher; ""Zadora"" signature and possible engraved goldsmith initials"
1307,Persian Rug with Diamond Shaped Medallion Design,Textiles, 00240, Persian,, 156 x 144 in,, rug; medallion
355,Christmas in Japan,Textiles,00653,Christopher Rote,Oil on canvas,36 in x 36 in,,
1364,Kente Cloth,Textiles,00964,Cloth woven,Cloth woven,34 x 34 in,1900-1983,textile; lines; square; oval; geometric
4364,Jardain de Veronique,Textiles, 00791," Alain Hieronimus; Aubusson, France",, 66.5 x 55.25 in, 1966, tapestry; abstract art; brown; black; signed lower right
1306,Firedrake,Textiles, 00953, Sherri Smith, Cotton, 7' x 35',, textile; abstract art; geometric
1365,Navaho Saddle Blanket,Textiles,00013,Navaho,Wool,45 x 28 in,19th Century,textile
1353,Navaho Child's Blanket,Textiles,00013,Navaho,Wool,51 x 31 in,1870-1880,textile
4441,"Rock Crystal Vase, Enamel, Gemstone and Diamond",Vases,00911,Zadora Limited,Rock; crystal; gold; enamel; gemstone; diamond,,20th Century,"vase; flower; ""Zadora"" signature and possible engraved goldsmith initials"
4436,Venini Patchwork Vase,Vases,00881,Venini & Co.,Glass,9 in,,vase
4413,Venini Battuto Vase,Vases, 00881, Venini & Co, Glass vase, Height: 12 in,, No Image Associated with this Item; very worn; scratched at the bottom; acid stamp
4421,Style #11 Lange,Vases,01139,Teresita Naranjo,Ceramic pot,Height: 8.25 in; Width: 12.5 in,,
4420,Open Work #5213,Vases,00858,Clare Belfrage,blown glass and engraving,"8.5"" x 8"" x 2""",2013,artist's name engraved on bottom with signature
4433,Moche Stirrup Jar,Vases,00471,Moche,Ceramic; polished,24.6 cm x 6.5 cm x 6.5 cm,100-550 AD,MCH-136; handle cracked in three places; salinization on exterior
